beam_width,score,time
1,0,9.167269945144653
2,-23,17.169259071350098
3,-26,24.662394523620605
4,-34,30.523302793502808
