beam_width,score,time
1,0,0.01961827278137207
2,-2,0.03293871879577637
3,-2,0.05026841163635254
4,-2,0.06445646286010742
5,-2,0.08917117118835449
6,-2,0.09019613265991211
7,-2,0.10610532760620117
8,-2,0.11861991882324219
9,-2,0.12488412857055664
10,-2,0.14217138290405273
