beam_width,score,time
1,0,3.162276268005371
2,-23,11.277856826782227
3,-26,18.1356463432312
4,-34,18.561179876327515
