beam_width,score,time
1,0,0.03426337242126465
2,-2,0.06334757804870605
3,-2,0.09175658226013184
4,-2,0.1103372573852539
5,-2,0.1268773078918457
6,-2,0.18814373016357422
7,-2,0.16811513900756836
8,-2,0.1865997314453125
9,-2,0.2141728401184082
10,-2,0.22745251655578613
