Run,Execution Time (s),Stability,Protein Folding Sequence
1,143.68352508544922,-7,HHPHHHPHPHHHPH
2,161.0932126045227,-7,HHPHHHPHPHHHPH
3,163.9866635799408,-7,HHPHHHPHPHHHPH
4,153.21624946594238,-7,HHPHHHPHPHHHPH
5,146.52027130126953,-7,HHPHHHPHPHHHPH
6,156.85257935523987,-7,HHPHHHPHPHHHPH
7,148.08148789405823,-7,HHPHHHPHPHHHPH
8,155.92188429832458,-7,HHPHHHPHPHHHPH
9,156.6067202091217,-7,HHPHHHPHPHHHPH
10,152.67402601242065,-7,HHPHHHPHPHHHPH
11,150.8099389076233,-7,HHPHHHPHPHHHPH
12,153.1258361339569,-7,HHPHHHPHPHHHPH
13,152.2791702747345,-7,HHPHHHPHPHHHPH
14,147.43567609786987,-7,HHPHHHPHPHHHPH
15,152.2000014781952,-7,HHPHHHPHPHHHPH
16,146.38172245025635,-7,HHPHHHPHPHHHPH
17,146.60514450073242,-7,HHPHHHPHPHHHPH
18,157.4526309967041,-7,HHPHHHPHPHHHPH
19,149.17663431167603,-7,HHPHHHPHPHHHPH
20,146.96486377716064,-7,HHPHHHPHPHHHPH
21,152.75061511993408,-7,HHPHHHPHPHHHPH
22,153.3306450843811,-7,HHPHHHPHPHHHPH
23,153.0150966644287,-7,HHPHHHPHPHHHPH
24,143.61774682998657,-7,HHPHHHPHPHHHPH
25,148.2716178894043,-7,HHPHHHPHPHHHPH
26,159.6859827041626,-7,HHPHHHPHPHHHPH
27,147.76104593276978,-7,HHPHHHPHPHHHPH
28,147.50267457962036,-7,HHPHHHPHPHHHPH
29,149.5332498550415,-7,HHPHHHPHPHHHPH
30,159.28265523910522,-7,HHPHHHPHPHHHPH
31,148.76241207122803,-7,HHPHHHPHPHHHPH
32,151.16076016426086,-7,HHPHHHPHPHHHPH
33,161.29019975662231,-7,HHPHHHPHPHHHPH
34,146.84253668785095,-7,HHPHHHPHPHHHPH
35,157.50525879859924,-7,HHPHHHPHPHHHPH
36,151.90566968917847,-7,HHPHHHPHPHHHPH
37,151.9283802509308,-7,HHPHHHPHPHHHPH
38,158.41286993026733,-7,HHPHHHPHPHHHPH
39,148.40788173675537,-7,HHPHHHPHPHHHPH
40,153.6560513973236,-7,HHPHHHPHPHHHPH
41,151.2082438468933,-7,HHPHHHPHPHHHPH
42,150.34249901771545,-7,HHPHHHPHPHHHPH
43,154.81829476356506,-7,HHPHHHPHPHHHPH
44,153.0690517425537,-7,HHPHHHPHPHHHPH
45,153.39985537528992,-7,HHPHHHPHPHHHPH
46,150.3681299686432,-7,HHPHHHPHPHHHPH
47,154.42890548706055,-7,HHPHHHPHPHHHPH
48,131.0448181629181,-7,HHPHHHPHPHHHPH
