Run,Execution Time (s),Stability,Protein Folding Sequence
1,215.30001521110535,-9,HPHPPHHPHPPHPHHPPHPH
2,212.84489178657532,-9,HPHPPHHPHPPHPHHPPHPH
3,208.22875714302063,-9,HPHPPHHPHPPHPHHPPHPH
4,210.5906240940094,-10,HPHPPHHPHPPHPHHPPHPH
5,202.36342072486877,-9,HPHPPHHPHPPHPHHPPHPH
6,206.293714761734,-8,HPHPPHHPHPPHPHHPPHPH
7,213.56522226333618,-9,HPHPPHHPHPPHPHHPPHPH
8,203.92657780647278,-9,HPHPPHHPHPPHPHHPPHPH
9,210.72756099700928,-9,HPHPPHHPHPPHPHHPPHPH
10,205.67361307144165,-10,HPHPPHHPHPPHPHHPPHPH
11,205.09479355812073,-9,HPHPPHHPHPPHPHHPPHPH
12,203.70119500160217,-8,HPHPPHHPHPPHPHHPPHPH
13,211.8735806941986,-8,HPHPPHHPHPPHPHHPPHPH
14,202.85636854171753,-10,HPHPPHHPHPPHPHHPPHPH
15,201.71971154212952,-9,HPHPPHHPHPPHPHHPPHPH
16,201.73929047584534,-8,HPHPPHHPHPPHPHHPPHPH
17,206.15588521957397,-9,HPHPPHHPHPPHPHHPPHPH
18,200.55411195755005,-9,HPHPPHHPHPPHPHHPPHPH
19,212.2826328277588,-8,HPHPPHHPHPPHPHHPPHPH
20,202.3686819076538,-11,HPHPPHHPHPPHPHHPPHPH
21,201.3212170600891,-9,HPHPPHHPHPPHPHHPPHPH
22,209.36232209205627,-8,HPHPPHHPHPPHPHHPPHPH
23,203.3334128856659,-8,HPHPPHHPHPPHPHHPPHPH
24,216.17309069633484,-9,HPHPPHHPHPPHPHHPPHPH
25,204.55556654930115,-10,HPHPPHHPHPPHPHHPPHPH
26,209.15209221839905,-9,HPHPPHHPHPPHPHHPPHPH
27,208.5750880241394,-8,HPHPPHHPHPPHPHHPPHPH
28,210.94465351104736,-9,HPHPPHHPHPPHPHHPPHPH
29,202.25886058807373,-9,HPHPPHHPHPPHPHHPPHPH
30,211.4023551940918,-9,HPHPPHHPHPPHPHHPPHPH
31,202.27997660636902,-9,HPHPPHHPHPPHPHHPPHPH
32,213.10132241249084,-9,HPHPPHHPHPPHPHHPPHPH
33,208.97394561767578,-9,HPHPPHHPHPPHPHHPPHPH
34,204.12382531166077,-8,HPHPPHHPHPPHPHHPPHPH
35,200.57915377616882,-8,HPHPPHHPHPPHPHHPPHPH
